Category,Tags,Types,Platform
Philosophy & Mindset,Effort,Strategy,Tiktok
Action & Execution,Action,Quote,Twitter
Productivity & Discipline,Responsibility,Advice,Instagram
Business & Entrepreneurship,Potential,Mental Model,Photos
Learning & Personal Growth,Execution,Personal Note,
Psychology & Mental Models,Obsession,Observation,
Health & Wellness,Drive,,
Relationships,Motivation,,
None,Passion,,
,Ambition,,
,Peer Pressure,,
,Goals,,
,Greatness,,
,Conformity,,
,Winning,,
,Process,,
,Consistency,,
,Mindset,,
,Maintenance,,
,Growth,,
,Success,,
,Wealth,,
,Accountability,,
,Ownership,,
,Progress,,
,Complacency,,
,Inversion,,
,Mental Model,,
,Decision Making,,
,Risk,,
,Relationships,,
,Boundaries,,
,Experience,,
,Wisdom,,
,Stoicism,,
,Emotional Control,,
,Observation,,
,Desire,,
,Mindfulness,,
,Contentment,,
,Psychology,,
,Perception,,
,Loneliness,,
,Transition,,
,Self-Belief,,
,Grit,,
,Expectations,,
,Hardship,,
,Resilience,,
,Recognition,,
,Intelligence,,
,Individuality,,
,Momentum,,
,Discipline,,
,Habits,,
,Beginnings,,
,Pareto Principle,,
,Procrastination,,
,Discomfort,,
,Hard Work,,
,Sacrifice,,
,Speed,,
,Competitive Advantage,,
,Bias for Action,,
,Learning by Doing,,
,Commitment,,
,Focus,,
,Preparation,,
,Perfectionism,,
,Results,,
,Completion,,
,Planning,,
,Strategy,,
,Failure,,
,Productivity,,
,Prioritization,,
,Willpower,,
,Reflection,,
,Review,,
,Journaling,,
,Dopamine,,
,Exercise,,
,Bio-hacking,,
,Work Ethic,,
,Burnout,,
,Rest,,
,Sprints,,
,Decision Fatigue,,
,Minimalism,,
,Competition,,
,Distraction,,
,Challenge,,
,Time Management,,
,Choice,,
,Startups,,
,Marketing,,
,Branding,,
,Customer Experience,,
,Loyalty,,
,Sales,,
,Ego,,
,Persistence,,
,Mistakes,,
,Agility,,
,Learning,,
,Confidence,,
,Self-Image,,
,Innovation,,
,Adaptability,,
,Regret,,
,Optimism,,
,Perseverance,,
,Value Creation,,
,Problem Solving,,
,Business Model,,
,Humility,,
,Beginners,,
,Neuroscience,,
,Struggle,,
,First Principles,,
,Deep Learning,,
,Understanding,,
,Personal Growth,,
,Implementation,,
,Consumption,,
,Behavior Change,,
,Uncertainty,,
,Life Path,,
,Perspective,,
,Traits,,
,Patience,,
,Anxiety,,
,Avoidance,,
,Reality,,
,Imposter Syndrome,,
,Stress,,
,Cognitive Dissonance,,
,Reinforcement,,
,Leadership,,
,Mimetic Desire,,
,Group Dynamics,,
,Human Behavior,,
,Biology,,
,Philosophy,,
,Goal Centered,,
,Communication,,
,Law of Substitution,,
,Law of Concentration,,
,Influence,,
,Management,,
,Feedback,,
,Efficiency,,
,Personality,,
,Body Language,,
,Control,,
,Opportunity,,
,Purpose,,
,Vision,,
,Direction,,
,Social Skills,,
,Performance,,
,Social Pressure,,
,Authority,,
,Frame Flipping,,
,Fear,,
,Curiosity,,
,Warmth,,
,Delayed Gratification,,
,Addiction,,
,Pursuit,,
,Manifestation,,
,Vibration,,
,Specialization,,
,Shame,,
,Guilt,,
,Empathy,,
,ADHD,,
,Depression,,
,Executive Function,,
,Awareness,,
,Persuasion,,
,Classical Conditioning,,
,Spirituality,,
,Service,,
,Respect,,
,Assertiveness,,
,Systems,,
,Scaling,,
,Cognitive Output,,
,Perceived Progress,,
,Conflict Resolution,,
,Framing,,
,Visualization,,
,Power Dynamics,,
,Subconscious Mind,,
,Authenticity,,
,Energy Management,,
,Attachment Theory,,
,Trauma,,
,Quality,,
,Character,,
,Overthinking,,
,Priorities,,
,Comparison,,
,Self-Mastery,,
,CIA,,
,Survival,,
,Creativity,,
,Adaptation,,
,Trust,,
,Environment,,
,Preparedness,,
,Detachment,,
,Networking,,
,Charisma,,
,Presence,,
,Fulfillment,,
,Courage,,
,Leverage,,
,Deep Work,,
,Curation,,
,Information,,
,Evolution,,
,Validation,,
,Integrity,,
,Identity,,
,AI,,
,Narcissism,,
,Happiness,,
,Virtue,,
,History,,
,Intuition,,
,Mental Health,,
,Crisis Response,,
,Quantum Physics,,
,Pain,,
,Change,,
,Enthusiasm,,
,Determination,,
,Elimination,,
,Health,,
,Circadian Rhythm,,
,Shift Work,,
,Routine,,
,Teamwork,,
,Listening,,
,Acceptance,,
,Entrepreneurship,,
,Impact,,
,Flexibility,,
,Interconnection,,
,Setbacks,,
,Insecurity,,
,Silence,,
,Attention,,
,Luck,,
,Mystery,,
,Prediction,,
,Masculinity,,
,Reliability,,
,Product,,
,Craftsmanship,,
,Skills,,
,Evidence,,
,Reframing,,
,Inspiration,,
,Human Consciousness,,
,Pressure,,
,Timing,,
,Rejection,,
,Knowledge,,
,Logic,,
,Mastery,,
,Affirmations,,
,Urgency,,
,Standards,,
,Education,,
,Lifestyle,,
,Gratitude,,
,Reward,,
,Signal vs Noise,,
,Truth,,
,Monetization,,
,Meaning,,
,Writing,,
,Introversion,,
,Mantra,,
,Privacy,,
,Social Media,,
,5 Second Rule,,
,Habit Stacking,,
,Task Chunking,,
,Gamification,,
,None,,
,Suffering,,
,Surrender,,
,Measurement,,
,Thinking,,
,Content Creation,,
,Collaboration,,
,Expected Value,,
,Apathy,,
,Small Wins,,
,Clarity,,
,Mission,,
,Fitness,,
,Support,,
,Marriage,,
,Brain,,
,Security,,
,Storytelling,,
,Parenting,,
,Love,,
,App Development,,
,Dating,,
,Dedication,,
,Manipulation,,
,Outreach,,
,Humor,,
,Food,,
,Agency,,
,Power,,
,Duality,,
,Brilliance,,
,Transformation,,
,Self-Awareness,,
,Social Dynamics,,
,Death,,
,No Excuses,,
,Context,,
,Design,,
,Conditioning,,
,Science,,
,Obstacles,,
,Arbitrage,,
,Simplicity,,
,Money,,
,Adventure,,
,Eudaimonia,,
,Volume,,
,Revenue,,
,Copywriting,,
,Narrative,,
,Boldness,,
,Machiavelli,,
,Imagination,,
,Limiting Beliefs,,
,Nervous System,,
,Analysis Paralysis,,
,Output,,
,Thoughts,,
,Dunning-Kruger Effect,,
,Intention,,
,Inaction,,
,Kindness,,
,Duty,,
,Excellence,,
,Abundance,,
,Achievement,,
,Childhood,,
,Research,,
,Vulnerability,,
,Public Speaking,,
,Heart-Brain Coherence,,
,Humanity,,
,Lust,,
,Dreams,,
,Richard Feynman,,
,Emotional Intelligence,,
,Attraction,,
,Radical Forgiveness,,
,Gossip,,
,Negative Thinking,,
,Internalization,,
,Technique Stacking,,
